GoogleListedManufacturer,GoogleListedModel,Status,CertifiedSinceVersion,EndOfSupport,DeviceManufacturerPattern,DeviceModelPattern,DeviceManufacturerPatternConfirmed,DeviceModelPatternConfirmed,Comments
Acer,Acer Aspire 3 A315,Certified,103,2030,,,FALSE,FALSE,
Acer,Acer Aspire E3-111,Certified,103,2026,,,FALSE,FALSE,
Acer,Acer Aspire One 11 AO1-132,Certified,103,2027,,,FALSE,FALSE,
Acer,Acer Aspire V5 131,Certified,103,2025,,,FALSE,FALSE,
Acer,Acer Aspire V5-122P,Certified,103,2026,,,FALSE,FALSE,
Acer,Acer E220 Veriton M26X2G,Certified,123,2029,,,FALSE,FALSE,
Acer,Acer One 11 Z8-284,Certified,117,2029,,,FALSE,FALSE,
Acer,Acer One 14 Z2-485,Certified,103,2028,,,FALSE,FALSE,
Acer,Acer R3-131T,Certified,103,2027,,,FALSE,FALSE,
Acer,Acer Travelmate B113-E,Certified,103,2027,,,FALSE,FALSE,
Acer,Acer Travelmate B113-M,Decertified,103,2024,,,FALSE,FALSE,
Acer,Acer TravelMate B115-MP,Certified,103,2026,,,FALSE,FALSE,
Acer,Acer TravelMate B3 11R-31,Certified,103,2028,,,FALSE,FALSE,
Acer,Acer TravelMate B3 B311,Certified,103,2028,,,FALSE,FALSE,
Acer,Acer TravelMate P214,Certified,103,2030,,,FALSE,FALSE,
Acer,Acer TravelMate P459-G2-M,Certified,103,2028,,,FALSE,FALSE,
Acer,Acer TravelMate Spin B118-G2-RN,Certified,103,2028,,,FALSE,FALSE,
Acer,Acer TravelMate Spin B118-RN,Certified,103,2028,,,FALSE,FALSE,
Acer,Acer TravelMate Spin B3 TMB311R,Certified,110,2028,,,FALSE,FALSE,
Acer,Acer Veriton L4630G,Certified,103,2026,,,FALSE,FALSE,
Acer,Acer Veriton S2690G,Certified,118,2030,,,FALSE,FALSE,
Acer,Acer VN4640G,Certified,111,2027,,,FALSE,FALSE,
Advantech,Advantech ARK-1125H,Certified,123,2030,,,FALSE,FALSE,
Advantech,Advantech DS-085,Certified,103,2030,,,FALSE,FALSE,
Advantech,Advantech DS-202,Certified,127,2029,,,FALSE,FALSE,
Advantech,Advantech DS-410,Certified,110,2029,,,FALSE,FALSE,
Advantech,Advantech DS-570,Certified,103,2026,,,FALSE,FALSE,
Advantech,Advantech PPC-3150SW,Certified,105,2028,,,FALSE,FALSE,
Advantech,Advantech USC-360H,Certified,129,2030,,,FALSE,FALSE,
Advantech,Advantech USC-360J,Certified,134,2029,,,FALSE,FALSE,
Advantech,Advantech UTC-115G,Certified,119,2028,,,FALSE,FALSE,
Advantech,Advantech UTC-120G,Certified,110,2028,,,FALSE,FALSE,
Advantech,Advantech UTC-120K,Certified,129,2030,,,FALSE,FALSE,
Advantech,Advantech UTC-124G3,Certified,111,2028,,,FALSE,FALSE,
Advantech,Advantech UTC-124l,Certified,134,2029,,,FALSE,FALSE,
Advantech,Advantech UTC-320K,Certified,136,2030,,,FALSE,FALSE,
Advantech,Advantech UTC-520F,Certified,103,2027,,,FALSE,FALSE,
Advantech,Advantech UTC-520J,Certified,118,2030,,,FALSE,FALSE,
AOPEN,AOPEN DE3450,Certified,103,2028,,,FALSE,FALSE,
AOPEN,AOPEN DE3650,Certified,107,2029,,,FALSE,FALSE,
AOPEN,AOPEN DE3650S,Certified,107,2029,,,FALSE,FALSE,
AOPEN,AOPEN DE6340,Certified,126,2029,,,FALSE,FALSE,
AOPEN,AOPEN DEX5750,Certified,103,2030,,,FALSE,FALSE,
AOPEN,AOPEN eTILE 15M-FP2,Certified,114,2028,,,FALSE,FALSE,
AOPEN,AOPEN eTILE 19M AIO,Certified,103,2028,,,FALSE,FALSE,
AOPEN,AOPEN ST100,Certified,129,2028,,,FALSE,FALSE,
AOPEN,AOPEN WB5116,Certified,116,2030,,,FALSE,FALSE,
Apple,"Apple iMac 11,2",Decertified,103,2024,,,FALSE,FALSE,
Apple,"Apple iMac 12,1",Decertified,,2024,,,FALSE,FALSE,
Apple,"Apple Mac Mini 7,1",Certified,103,2026,,,FALSE,FALSE,
Apple,"Apple Macbook Air 5,1",Certified,103,2025,,,FALSE,FALSE,
Apple,"Apple MacBook Air 6,1",Certified,103,2026,,,FALSE,FALSE,
Apple,"Apple Macbook Air 7,2",Certified,103,2027,,,FALSE,FALSE,
Apple,"Apple Macbook Pro 11,2",Certified,103,2025,,,FALSE,FALSE,
Apple,"Apple Macbook Pro 9,2",Certified,103,2025,,,FALSE,FALSE,
ASUS,ASUS B5402FEA,Certified,130,2030,,,FALSE,FALSE,
ASUS,ASUS B5402FVA,Certified,130,2032,,,FALSE,FALSE,
ASUS,ASUS BR1100CKA,Certified,111,2029,,,FALSE,FALSE,
ASUS,ASUS BR1100FK,Certified,110,2029,,,FALSE,FALSE,
ASUS,ASUS EeeBook E402SA,Certified,103,2029,,,FALSE,FALSE,
ASUS,Asus ExpertBook B1500CEA,Certified,121,2030,ASUSTeK COMPUTER INC.,ASUS EXPERTBOOK B1500CEAEY_B1500CEAE,TRUE,TRUE,
ASUS,Asus ExpertBook B1502CBA,Certified,125,2030,,,FALSE,FALSE,
ASUS,Asus Expertbook B1502CVA,Certified,135,2032,,,FALSE,FALSE,
ASUS,ASUS ExpertCenter D700MD,Certified,118,2030,,,FALSE,FALSE,
ASUS,Asus ExpertCenter D700SD,Certified,120,2030,,,FALSE,FALSE,
ASUS,ASUS ExpertCenter E5 24 AiO,Certified,114,2030,,,FALSE,FALSE,
ASUS,ASUS Mini PC PL64,Certified,116,2030,,,FALSE,FALSE,
ASUS,ASUS Mini PC PN41,Certified,108,2029,,,FALSE,FALSE,
ASUS,ASUS Mini PC PN64,Certified,119,2030,,,FALSE,FALSE,
ASUS,ASUS NUC 14 Pro,Certified,129,2032,,,FALSE,FALSE,
ASUS,Asus P1512CEA,Certified,122,2030,,,FALSE,FALSE,
ASUS,Asus PN43-S1,Certified,128,2030,,,FALSE,FALSE,
ASUS,Asus Prime J4005I-C,Certified,127,2028,,,FALSE,FALSE,
ASUS,ASUS Vivobook Flip 14 TP401NA,Certified,103,2028,,,FALSE,FALSE,
ASUS,ASUS VivoBook L203MA,Certified,103,2028,,,FALSE,FALSE,
ASUS,ASUS x200m,Certified,103,2026,,,FALSE,FALSE,
ASUS,ASUS X401U,Decertified,103,2024,,,FALSE,FALSE,
ASUS,ASUS X55C,Decertified,103,2024,,,FALSE,FALSE,
ASUS,ASUS Zenbook Flip UX360CA,Certified,103,2027,,,FALSE,FALSE,
Atrust,Atrust t20W,Certified,124,2028,,,FALSE,FALSE,
Atrust,Atrust t21W,Certified,124,2029,,,FALSE,FALSE,
Axiomtek,Axiomtek DSP-501,Certified,134,2028,,,FALSE,FALSE,
Azulle,Azulle Access 4,Certified,108,2028,,,FALSE,FALSE,
Beelink,Beelink Mini S N5095,Certified,115,2030,,,FALSE,FALSE,
Bluefin,Bluefin Modular All in One (Intel),Certified,134,2030,,,FALSE,FALSE,
Clear Touch,Clear Touch CTI-PCMOD-PC25-ST,Certified,132,2028,,,FALSE,FALSE,
CVTE,CVTE OPS72A-1215U,Certified,124,2030,,,FALSE,FALSE,
Cybernet,Cybernet Cybermed T10C,Certified,103,2025,,,FALSE,FALSE,
Decenta,Decenta OPS13,Certified,129,2030,,,FALSE,FALSE,
Dell,Dell Inspiron 15 3531,Certified,103,2026,,,FALSE,FALSE,
Dell,Dell Inspiron 3280 AIO,Certified,103,2028,,,FALSE,FALSE,
Dell,Dell Inspiron 3501,Certified,103,2030,,,FALSE,FALSE,
Dell,Dell Inspiron 3505,Certified,103,2030,Dell Inc.,Inspiron 3505,TRUE,TRUE,
Dell,Dell Latitude 3120,Certified,107,2029,,,FALSE,FALSE,
Dell,Dell Latitude 3150,Certified,103,2026,,,FALSE,FALSE,
Dell,Dell Latitude 3160,Certified,103,2027,,,FALSE,FALSE,
Dell,Dell Latitude 3180,Certified,103,2028,,,FALSE,FALSE,
Dell,Dell Latitude 3189,Certified,103,2027,Dell Inc.,Latitude 3189,TRUE,TRUE,
Dell,Dell Latitude 3190,Certified,103,2028,Dell Inc.,Latitude 3190,TRUE,TRUE,
Dell,Dell Latitude 3190 2-in-1,Certified,103,2028,Dell Inc.,Latitude 3190 2-in-1,TRUE,TRUE,
Dell,Dell Latitude 3300,Certified,103,2028,Dell Inc.,Latitude 3300,TRUE,TRUE,
Dell,Dell Latitude 3310,Certified,115,2028,Dell Inc.,Latitude 3310,TRUE,TRUE,
Dell,Dell Latitude 3330,Certified,104,2025,,,FALSE,FALSE,
Dell,Dell Latitude 3340,Certified,103,2026,Dell Inc.,Latitude 3340,TRUE,TRUE,
Dell,Dell Latitude 3350,Certified,103,2027,,,FALSE,FALSE,
Dell,Dell Latitude 3380,Certified,103,2028,,,FALSE,FALSE,
Dell,Dell Latitude 3390 2-in-1,Certified,103,2028,,,FALSE,FALSE,
Dell,Dell Latitude 3400,Certified,103,2028,Dell Inc.,Latitude 3400,TRUE,TRUE,
Dell,Dell Latitude 3410,Certified,103,2028,Dell Inc.,Latitude 3410,TRUE,TRUE,
Dell,Dell Latitude 3420,Certified,103,2030,Dell Inc.,Latitude 3420,TRUE,TRUE,
Dell,Dell Latitude 3440 (2014),Certified,103,2026,Dell Inc.,Latitude 3440,TRUE,TRUE,
Dell,Dell Latitude 3440 (Intel 13th Gen),Certified,136,2032,Dell Inc.,Latitude 3440,TRUE,TRUE,
Dell,Dell Latitude 3450,Certified,103,2027,Dell Inc.,Latitude 3450,TRUE,TRUE,
Dell,Dell Latitude 3460,Certified,103,2027,Dell Inc.,Latitude 3460,TRUE,TRUE,
Dell,Dell Latitude 3470,Certified,103,2027,,,FALSE,FALSE,
Dell,Dell Latitude 3480,Certified,103,2027,Dell Inc.,Latitude 3480,TRUE,TRUE,
Dell,Dell Latitude 3490,Certified,103,2028,,,FALSE,FALSE,
Dell,Dell Latitude 3510,Certified,103,2028,Dell Inc.,Latitude 3510,TRUE,TRUE,
Dell,Dell Latitude 3520,Certified,120,2030,Dell Inc.,Latitude 3520,TRUE,TRUE,
Dell,Dell Latitude 3540,Certified,134,2032,Dell Inc.,Latitude 3540,TRUE,TRUE,
Dell,Dell Latitude 3550,Certified,111,2027,Dell Inc.,Latitude 3550,TRUE,TRUE,
Dell,Dell Latitude 5290,Certified,103,2028,Dell Inc.,Latitude 5290,TRUE,TRUE,
Dell,Dell Latitude 5290 2-in-1,Certified,103,2028,,,FALSE,FALSE,
Dell,Dell Latitude 5300 2-in-1,Certified,103,2028,Dell Inc.,Latitude 5300 2-in-1,TRUE,TRUE,
Dell,Dell Latitude 5310,Certified,112,2030,,,FALSE,FALSE,
Dell,Dell Latitude 5320,Certified,112,2028,,,FALSE,FALSE,
Dell,Dell Latitude 5400,Certified,103,2028,,,FALSE,FALSE,
Dell,Dell Latitude 5410,Certified,112,2028,Dell Inc.,Latitude 5410,TRUE,TRUE,
Dell,Dell Latitude 5411,Certified,112,2028,,,FALSE,FALSE,
Dell,Dell Latitude 5420,Certified,103,2030,Dell Inc.,Latitude 5420,TRUE,TRUE,
Dell,Dell Latitude 5430,Certified,134,2030,,,FALSE,FALSE,
Dell,Dell Latitude 5440,Certified,134,2032,Dell Inc.,Latitude 5440,TRUE,TRUE,
Dell,Dell Latitude 5480,Certified,127,2028,,,FALSE,FALSE,
Dell,Dell Latitude 5490,Certified,127,2028,Dell Inc.,Latitude 5490,TRUE,TRUE,
Dell,Dell Latitude 5500,Certified,103,2028,,,FALSE,FALSE,
Dell,Dell Latitude 5510,Certified,108,2028,,,FALSE,FALSE,
Dell,Dell Latitude 5520,Certified,103,2030,,,FALSE,FALSE,
Dell,Dell Latitude 5530,Certified,116,2030,,,FALSE,FALSE,
Dell,Dell Latitude 5580,Certified,103,2028,,,FALSE,FALSE,
Dell,Dell Latitude 5590,Certified,103,2028,Dell Inc.,Latitude 5590,TRUE,TRUE,
Dell,Dell Latitude 7280,Certified,103,2027,,,FALSE,FALSE,
Dell,Dell Latitude 7300,Certified,125,2028,,,FALSE,FALSE,
Dell,Dell Latitude 7310,Certified,113,2028,,,FALSE,FALSE,
Dell,Dell Latitude 7380,Certified,114,2028,,,FALSE,FALSE,
Dell,Dell Latitude 7400,Certified,103,2028,,,FALSE,FALSE,
Dell,Dell Latitude 7410,Certified,135,2028,,,FALSE,FALSE,
Dell,Dell Latitude 7420,Certified,103,2030,,,FALSE,FALSE,
Dell,Dell Latitude 7480,Certified,103,2028,,,FALSE,FALSE,
Dell,Dell Latitude 7490,Minor issues expected,,2028,,,FALSE,FALSE,
Dell,Dell Latitude E5420,Decertified,103,2024,,,FALSE,FALSE,
Dell,Dell Latitude E5430,Certified,103,2025,,,FALSE,FALSE,
Dell,Dell Latitude E5440,Certified,103,2026,Dell Inc.,Latitude E5440,TRUE,TRUE,
Dell,Dell Latitude E5450,Certified,103,2027,,,FALSE,FALSE,
Dell,Dell Latitude E5470,Certified,103,2027,Dell Inc.,Latitude E5470,TRUE,TRUE,
Dell,Dell Latitude E5520,Decertified,103,2024,,,FALSE,FALSE,
Dell,Dell Latitude E5530,Certified,103,2025,Dell Inc.,,FALSE,FALSE,
Dell,Dell Latitude E5540,Certified,103,2026,Dell Inc.,Latitude E5540,TRUE,TRUE,
Dell,Dell Latitude E5570,Certified,104,2027,Dell Inc.,Latitude E5570,TRUE,TRUE,
Dell,Dell Latitude E6230,Certified,103,2025,,,FALSE,FALSE,
Dell,Dell Latitude E6420,Certified,103,2025,,,FALSE,FALSE,
Dell,Dell Latitude E6430,Certified,103,2025,,,FALSE,FALSE,
Dell,Dell Latitude E6440,Certified,103,2026,,,FALSE,FALSE,
Dell,Dell Latitude E6510,Decertified,,2024,,,FALSE,FALSE,
Dell,Dell Latitude E6520,Decertified,103,2024,,,FALSE,FALSE,
Dell,Dell Latitude E7240,Certified,103,2026,Dell Inc.,Latitude E7240,TRUE,TRUE,
Dell,Dell Latitude E7270,Certified,103,2027,Dell Inc.,Latitude E7270,TRUE,TRUE,
Dell,Dell Latitude E7440,Certified,103,2026,,,FALSE,FALSE,
Dell,Dell Latitude E7450,Certified,103,2027,,,FALSE,FALSE,
Dell,Dell Latitude E7470,Certified,103,2027,,,FALSE,FALSE,
Dell,Dell Optiplex 3000,Certified,134,2030,Dell Inc.,OptiPlex 3000,TRUE,TRUE,
Dell,Dell Optiplex 3000 Thin Client,Certified,105,2029,,,FALSE,FALSE,
Dell,Dell Optiplex 3010,Certified,103,2025,Dell Inc.,OptiPlex 3010,TRUE,TRUE,
Dell,Dell Optiplex 3011 AIO,Certified,103,2025,Dell Inc.,OptiPlex 3011 AIO,TRUE,TRUE,
Dell,Dell Optiplex 3020,Certified,103,2026,Dell Inc.,OptiPlex 3020,TRUE,TRUE,
Dell,Dell OptiPlex 3030 AIO,Certified,103,2026,Dell Inc.,OptiPlex 3030 AIO,TRUE,TRUE,
Dell,Dell Optiplex 3040,Certified,103,2027,Dell Inc.,OptiPlex 3040,TRUE,TRUE,
Dell,Dell Optiplex 3046,Certified,103,2027,,,FALSE,FALSE,
Dell,Dell Optiplex 3050,Certified,103,2028,Dell Inc.,OptiPlex 3050,TRUE,TRUE,
Dell,Dell Optiplex 3060,Certified,103,2028,Dell Inc.,OptiPlex 3060,TRUE,TRUE,
Dell,Dell Optiplex 3070,Certified,103,2028,Dell Inc.,OptiPlex 3070,TRUE,TRUE,
Dell,Dell Optiplex 3080,Certified,103,2028,Dell Inc.,OptiPlex 3080,TRUE,TRUE,
Dell,Dell Optiplex 3090,Certified,103,2028,Dell Inc.,OptiPlex 3090,TRUE,TRUE,
Dell,Dell OptiPlex 3240 AIO,Certified,103,2027,Dell Inc.,OptiPlex 3240 AIO,TRUE,TRUE,
Dell,Dell Optiplex 3280 AIO,Certified,103,2028,Dell Inc.,OptiPlex 3280 AIO,TRUE,TRUE,
Dell,Dell Optiplex 390,Decertified,103,2024,,,FALSE,FALSE,
Dell,Dell Optiplex 5000,Certified,103,2030,Dell Inc.,OptiPlex 5000,TRUE,TRUE,
Dell,Dell Optiplex 5040,Certified,103,2027,,,FALSE,FALSE,
Dell,Dell OptiPlex 5050,Certified,103,2027,,,FALSE,FALSE,
Dell,Dell Optiplex 5060,Certified,103,2028,,,FALSE,FALSE,
Dell,Dell Optiplex 5070,Certified,103,2028,,,FALSE,FALSE,
Dell,Dell Optiplex 5080,Certified,103,2028,,,FALSE,FALSE,
Dell,Dell Optiplex 5090,Certified,105,2029,,,FALSE,FALSE,
Dell,Dell Optiplex 5250 AIO,Certified,103,2028,Dell Inc.,OptiPlex 5250 AIO,TRUE,TRUE,
Dell,Dell Optiplex 5270 AIO,Certified,103,2028,Dell Inc.,OptiPlex 5270 AIO,TRUE,TRUE,
Dell,Dell Optiplex 5480 AIO,Certified,103,2028,,,FALSE,FALSE,
Dell,Dell Optiplex 7000,Certified,119,2030,Dell Inc.,OptiPlex 7000,TRUE,TRUE,
Dell,Dell Optiplex 7010,Certified,103,2025,Dell Inc.,OptiPlex 7010,TRUE,TRUE,
Dell,Dell Optiplex 7010 (2023),Certified,131,2030,Dell Inc.,OptiPlex 7010,TRUE,TRUE,
Dell,Dell Optiplex 7020,Certified,103,2026,,,FALSE,FALSE,
Dell,Dell Optiplex 7040,Certified,103,2027,,,FALSE,FALSE,
Dell,Dell Optiplex 7050,Certified,103,2027,Dell Inc.,OptiPlex 7050,TRUE,TRUE,
Dell,Dell Optiplex 7060,Certified,103,2028,,,FALSE,FALSE,
Dell,Dell Optiplex 7070,Certified,103,2028,Dell Inc.,OptiPlex 7070,TRUE,TRUE,
Dell,Dell Optiplex 7080,Certified,103,2028,,,FALSE,FALSE,
Dell,Dell Optiplex 7090,Certified,118,2030,Dell Inc.,OptiPlex 7090,TRUE,TRUE,
Dell,Dell Optiplex 7400,Certified,117,2030,,,FALSE,FALSE,
Dell,Dell Optiplex 7410 AIO,Certified,125,2030,,,FALSE,FALSE,
Dell,Dell Optiplex 7420 AIO,Certified,129,2032,,,FALSE,FALSE,
Dell,Dell Optiplex 7440 AIO,Certified,105,2027,,,FALSE,FALSE,
Dell,Dell Optiplex 7450 AIO,Certified,103,2028,Dell Inc.,OptiPlex 7450 AIO,TRUE,TRUE,
Dell,Dell Optiplex 7460 AIO,Certified,119,2028,,,FALSE,FALSE,
Dell,Dell Optiplex 7470 AIO,Certified,125,2028,,,FALSE,FALSE,
Dell,Dell Optiplex 7480 AIO,Certified,125,2028,,,FALSE,FALSE,
Dell,Dell Optiplex 7490 AIO,Certified,126,2028,Dell Inc.,OptiPlex 7490 AIO,TRUE,TRUE,
Dell,Dell Optiplex 790,Decertified,103,2024,,,FALSE,FALSE,
Dell,Dell Optiplex 9010,Certified,103,2025,,,FALSE,FALSE,
Dell,Dell Optiplex 9020,Certified,103,2026,Dell Inc.,OptiPlex 9020,TRUE,TRUE,
Dell,Dell Optiplex 9020 AIO,Certified,103,2026,Dell Inc.,OptiPlex 9020 AIO,TRUE,TRUE,
Dell,Dell Optiplex 9030 AIO,Certified,103,2026,Dell Inc.,OptiPlex 9030 AIO,TRUE,TRUE,
Dell,Dell Optiplex 990,Decertified,103,2024,,,FALSE,FALSE,
Dell,Dell Vostro 15 3568,Certified,103,2028,Dell Inc.,Vostro 15-3568,TRUE,TRUE,
Dell,Dell Vostro 15 5568,Certified,132,2028,,,FALSE,FALSE,
Dell,Dell Vostro 3401,Certified,115,2028,,,FALSE,FALSE,
Dell,Dell Vostro 3470,Certified,103,2028,,,FALSE,FALSE,
Dell,Dell Vostro 3550,Decertified,103,2024,,,FALSE,FALSE,
Dell,Dell Vostro 3560,Certified,103,2025,Dell Inc.,Vostro 3560,TRUE,TRUE,
Dell,Dell Vostro 3671,Certified,104,2028,,,FALSE,FALSE,
Dell,Dell Wyse 5060 Thin Client,Certified,103,2027,,,FALSE,FALSE,
Dell,Dell Wyse 5070 Thin Client,Certified,103,2028,,,FALSE,FALSE,
Dell,Dell Wyse 5070 Thin Client Extended Chassis,Certified,103,2028,,,FALSE,FALSE,
Dell,Dell Wyse 5470 AIO,Certified,111,2028,,,FALSE,FALSE,
Dell,Dell Wyse 5470 Mobile Thin Client,Certified,103,2028,,,FALSE,FALSE,
Dell,Dell Wyse 7020 Thin Client,Certified,103,2027,,,FALSE,FALSE,
Dell,Dell XPS 13 2-in-1 9365,Certified,103,2028,,,FALSE,FALSE,
Dell,Dell XPS 13 9300,Certified,103,2029,,,FALSE,FALSE,
Dell,Dell XPS 13 9310,Certified,103,2030,,,FALSE,FALSE,
Dell,Dell XPS 13 9380,Certified,103,2028,,,FALSE,FALSE,
Delphi,Delphi Endura 15X Model 9330-150-A01,Certified,125,2026,,,FALSE,FALSE,
Dynabook,Dynabook K50,Certified,112,2028,,,FALSE,FALSE,
Dynabook,Dynabook R73/F,Certified,112,2027,,,FALSE,FALSE,
ECS,ECS LIVA Q2,Certified,104,2028,,,FALSE,FALSE,
ECS,ECS Liva X BAT2NBW,Certified,103,2026,,,FALSE,FALSE,
Elo,Elo 15-inch-I-Series 3 (Intel E606511),Certified,128,2030,,,FALSE,FALSE,
Elo,Elo 19M2 Rev A,Decertified,103,2024,,,FALSE,FALSE,
Elo,Elo 22-inch I-Series,Certified,113,2028,,,FALSE,FALSE,
Elo,Elo ECMG4,Certified,114,2028,,,FALSE,FALSE,
Elo,Elo ESY 15i2,Certified,111,2028,,,FALSE,FALSE,
Elo,Elo ESY 15i3,Certified,113,2028,,,FALSE,FALSE,
Elo,Elo ESY 15i5,Certified,112,2028,,,FALSE,FALSE,
Elo,Elo I-Series 2 E550870,Certified,128,2028,,,FALSE,FALSE,
Flytech,Flytech KPC2,Certified,129,2029,,,FALSE,FALSE,
Fujitsu,Fujitsu Esprimo Q556/2,Certified,119,2027,,,FALSE,FALSE,
Fujitsu,Fujitsu Futro s720 Thin Client,Certified,103,2027,,,FALSE,FALSE,
Fujitsu,Fujitsu Lifebook A574/H,Certified,103,2026,,,FALSE,FALSE,
Fujitsu,Fujitsu Lifebook A576/TX,Certified,110,2027,,,FALSE,FALSE,
Fujitsu,Fujitsu Lifebook A743/G,Certified,103,2025,,,FALSE,FALSE,
Fujitsu,Fujitsu Lifebook T726,Certified,103,2027,,,FALSE,FALSE,
Fujitsu,Fujitsu Stylistic Q738,Certified,114,2028,,,FALSE,FALSE,
FutureNUC,FutureNUC Flexbox,Certified,134,2030,,,FALSE,FALSE,
FutureNUC,FutureNUC Lux Series,Certified,132,2030,,,FALSE,FALSE,
GeoBook,GeoBook 1e,Certified,115,2028,GEO,GEOBOOK 1E,TRUE,TRUE,
Giada,Giada D613,Certified,117,2032,,,FALSE,FALSE,
Giada,Giada DM6,Certified,114,2029,,,FALSE,FALSE,
Giada,Giada F106D,Certified,125,2029,,,FALSE,FALSE,
Giada,Giada OPS PC612,Certified,117,2030,,,FALSE,FALSE,
Giada,Giada VM27,Certified,114,2029,,,FALSE,FALSE,
HP,HP 20-r013 AIO,Certified,103,2027,,,FALSE,FALSE,
HP,HP 215 G1,Certified,103,2027,,,FALSE,FALSE,
HP,HP 240 G7,Certified,133,2028,HP,HP 240 G7 Notebook PC,TRUE,TRUE,
HP,HP 255 G7 (AMD),Certified,103,2030,HP,HP 255 G7 Notebook PC,TRUE,TRUE,
HP,HP 255 G7 (Intel),Certified,103,2028,HP,HP 255 G7 Notebook PC,TRUE,TRUE,
HP,HP 280 G9,Certified,126,2030,,,FALSE,FALSE,
HP,HP 3115m,Decertified,103,2024,,,FALSE,FALSE,
HP,HP 3125 Notebook,Decertified,105,2024,,,FALSE,FALSE,
HP,HP Compaq 6200 Pro,Decertified,103,2024,,,FALSE,FALSE,
HP,HP Compaq 6300 Pro,Certified,103,2025,,,FALSE,FALSE,
HP,HP Compaq 8200 Elite,Decertified,103,2024,,,FALSE,FALSE,
HP,HP Compaq Elite 8300,Certified,103,2025,,,FALSE,FALSE,
HP,HP Compaq Pro 6305,Certified,103,2025,,,FALSE,FALSE,
HP,HP Elite Mini 600 G9,Certified,134,2030,,,FALSE,FALSE,
HP,HP Elite t655 Thin Client,Certified,119,2030,,,FALSE,FALSE,
HP,HP EliteBook 2560p,Decertified,103,2024,,,FALSE,FALSE,
HP,HP EliteBook 630 G9,Certified,129,2030,,,FALSE,FALSE,
HP,HP EliteBook 645 G10,Certified,125,2032,,,FALSE,FALSE,
HP,HP EliteBook 650 G10,Certified,129,2032,,,FALSE,FALSE,
HP,HP Elitebook 650 G5,Certified,132,2028,,,FALSE,FALSE,
HP,HP EliteBook 650 G9,Certified,129,2030,,,FALSE,FALSE,
HP,HP EliteBook 745 G5,Certified,122,2029,,,FALSE,FALSE,
HP,HP EliteBook 745 G6,Certified,134,2030,,,FALSE,FALSE,
HP,HP EliteBook 820 G1,Certified,103,2026,,,FALSE,FALSE,
HP,HP EliteBook 820 G2,Certified,103,2027,Hewlett-Packard,HP EliteBook 820 G2,TRUE,TRUE,
HP,HP EliteBook 820 G3,Certified,103,2027,HP,HP EliteBook 820 G3,TRUE,TRUE,
HP,HP EliteBook 830 G5,Certified,119,2028,,,FALSE,FALSE,
HP,HP EliteBook 830 G6,Certified,115,2028,,,FALSE,FALSE,
HP,HP Elitebook 830 G8,Certified,128,2030,,,FALSE,FALSE,
HP,HP EliteBook 840 G1,Certified,103,2026,Hewlett-Packard,HP EliteBook 840 G1,TRUE,TRUE,
HP,HP EliteBook 840 G2,Certified,103,2027,Hewlett-Packard,HP EliteBook 840 G2,TRUE,TRUE,
HP,HP EliteBook 840 G3,Certified,103,2027,,,FALSE,FALSE,
HP,HP EliteBook 840 G4,Certified,103,2028,,,FALSE,FALSE,
HP,HP EliteBook 840 G5,Certified,103,2028,HP,HP EliteBook 840 G5,TRUE,TRUE,
HP,HP EliteBook 840 G6,Certified,103,2028,HP,HP EliteBook 840 G6,TRUE,TRUE,
HP,HP EliteBook 840 G7,Certified,128,2028,,,FALSE,FALSE,
HP,HP EliteBook 840 G8,Certified,119,2030,,,FALSE,FALSE,
HP,HP EliteBook 8460p,Decertified,103,2024,,,FALSE,FALSE,
HP,HP EliteBook 8470p,Certified,103,2025,Hewlett-Packard,HP EliteBook 8470p,TRUE,TRUE,
HP,HP EliteBook 850 G3,Certified,118,2027,,,FALSE,FALSE,
HP,HP EliteBook 850 G5,Certified,119,2028,,,FALSE,FALSE,
HP,HP EliteBook 850 G6,Certified,122,2028,,,FALSE,FALSE,
HP,HP EliteBook 850 G7,Certified,131,2028,,,FALSE,FALSE,
HP,HP EliteBook 850 G8,Certified,134,2029,,,FALSE,FALSE,
HP,HP EliteBook Folio 9470m,Certified,103,2025,,,FALSE,FALSE,
HP,HP EliteBook x360 1030 G2,Certified,103,2028,,,FALSE,FALSE,
HP,Hp EliteBook x360 1040 G7,Certified,135,2028,,,FALSE,FALSE,
HP,HP EliteDesk 705 G1,Certified,103,2025,,,FALSE,FALSE,
HP,HP EliteDesk 705 G3,Certified,103,2028,,,FALSE,FALSE,
HP,HP EliteDesk 705 G4,Certified,103,2028,,,FALSE,FALSE,
HP,HP Elitedesk 705 G5,Certified,103,2030,,,FALSE,FALSE,
HP,HP EliteDesk 800 G1,Certified,103,2026,Hewlett-Packard,HP EliteDesk 800 G1*,FALSE,FALSE,This model has sub-models (form factors). Google hasn’t specified the exact model name/form factor.
HP,HP EliteDesk 800 G2,Certified,103,2027,HP,HP EliteDesk 800 G2*,FALSE,FALSE,This model has sub-models (form factors). Google hasn’t specified the exact model name/form factor.
HP,HP EliteDesk 800 G3,Certified,103,2027,,,FALSE,FALSE,
HP,HP EliteDesk 800 G4,Certified,103,2028,,,FALSE,FALSE,
HP,HP EliteDesk 800 G5,Certified,103,2028,,,FALSE,FALSE,
HP,HP EliteDesk 800 G6,Certified,103,2028,,,FALSE,FALSE,
HP,HP Engage Flex Mini,Certified,111,2028,,,FALSE,FALSE,
HP,HP Engage Flex Pro,Certified,117,2028,,,FALSE,FALSE,
HP,HP Engage Flex Pro G2,Certified,116,2030,,,FALSE,FALSE,
HP,HP Engage Flex Pro-C,Certified,117,2028,,,FALSE,FALSE,
HP,HP Engage Go 10,Certified,124,2030,,,FALSE,FALSE,
HP,HP Engage One,Certified,118,2028,,,FALSE,FALSE,
HP,HP Engage One Essential AIO,Certified,103,2030,,,FALSE,FALSE,
HP,HP Engage One Pro AIO,Certified,103,2030,,,FALSE,FALSE,
HP,HP Fortis x360 G9 Education Edition,Certified,112,2029,,,FALSE,FALSE,
HP,HP MP9 G4,Certified,131,2028,,,FALSE,FALSE,
HP,HP mt41 Mobile Thin Client,Certified,103,2025,,,FALSE,FALSE,
HP,HP mt43 Mobile Thin Client,Certified,103,2028,,,FALSE,FALSE,
HP,HP mt45 Mobile Thin Client,Certified,103,2030,,,FALSE,FALSE,
HP,HP Notebook 15-ay015dx,Certified,103,2027,,,FALSE,FALSE,
HP,HP Pro 260 G9,Certified,132,2030,,,FALSE,FALSE,
HP,HP Pro Mini 400 G9,Certified,116,2030,,,FALSE,FALSE,
HP,HP Pro t550 Thin Client,Certified,116,2029,,,FALSE,FALSE,
HP,HP Pro t550 Thin Client with WiFi,Certified,123,2029,,,FALSE,FALSE,
HP,HP ProBook 11 EE G1,Certified,103,2027,,,FALSE,FALSE,
HP,HP ProBook 11 G2,Certified,103,2027,,,FALSE,FALSE,
HP,HP ProBook 250 G7,Certified,103,2028,,,FALSE,FALSE,
HP,HP ProBook 250 G9,Certified,132,2030,,,FALSE,FALSE,
HP,HP ProBook 430 G1,Certified,103,2026,,,FALSE,FALSE,
HP,HP ProBook 430 G3,Certified,103,2027,,,FALSE,FALSE,
HP,HP Probook 430 G4,Certified,136,2028,HP,HP ProBook 430 G4,TRUE,TRUE,
HP,HP Probook 430 G5,Certified,136,2028,,,FALSE,FALSE,
HP,HP ProBook 440 G1,Certified,103,2026,,,FALSE,FALSE,
HP,HP ProBook 440 G10,Certified,129,2032,,,FALSE,FALSE,
HP,HP ProBook 440 G2,Certified,103,2027,,,FALSE,FALSE,
HP,HP ProBook 440 G3,Certified,103,2027,,,FALSE,FALSE,
HP,HP ProBook 440 G5,Certified,103,2028,,,FALSE,FALSE,
HP,HP ProBook 440 G6,Certified,103,2028,HP,HP ProBook 440 G6,TRUE,TRUE,
HP,HP ProBook 440 G7,Certified,114,2028,HP,HP ProBook 440 G7,TRUE,TRUE,
HP,HP Probook 440 G8,Certified,136,2030,,,FALSE,FALSE,
HP,HP ProBook 440 G9,Certified,132,2030,,,FALSE,FALSE,
HP,HP ProBook 4430s,Decertified,103,2024,,,FALSE,FALSE,
HP,HP ProBook 4440s,Certified,103,2025,,,FALSE,FALSE,
HP,HP ProBook 445 G6,Certified,119,2030,,,FALSE,FALSE,
HP,HP ProBook 445 G7,Certified,119,2030,,,FALSE,FALSE,
HP,HP ProBook 445 G8,Certified,132,2030,,,FALSE,FALSE,
HP,HP ProBook 445 G9,Certified,132,2032,,,FALSE,FALSE,
HP,HP ProBook 450 G1,Certified,103,2026,Hewlett-Packard,HP ProBook 450 G1,TRUE,TRUE,
HP,HP ProBook 450 G10,Certified,129,2032,,,FALSE,FALSE,
HP,HP ProBook 450 G2,Certified,103,2027,,,FALSE,FALSE,
HP,HP ProBook 450 G3,Certified,103,2027,HP,HP ProBook 450 G3,TRUE,TRUE,
HP,HP ProBook 450 G5,Certified,103,2028,HP,HP ProBook 450 G5,TRUE,TRUE,
HP,HP ProBook 450 G6,Certified,103,2028,HP,HP ProBook 450 G6,TRUE,TRUE,
HP,HP ProBook 450 G7,Certified,103,2028,HP,HP ProBook 450 G7,TRUE,TRUE,
HP,HP Probook 450 G8,Certified,136,2030,HP,HP ProBook 450 G8 Notebook PC,TRUE,TRUE,
HP,HP ProBook 450 G9,Certified,132,2030,,,FALSE,FALSE,
HP,HP ProBook 4530s,Decertified,103,2024,,,FALSE,FALSE,
HP,HP ProBook 4540s,Certified,103,2025,,,FALSE,FALSE,
HP,HP ProBook 455 G2,Certified,103,2027,,,FALSE,FALSE,
HP,HP ProBook 455 G3,Certified,103,2027,,,FALSE,FALSE,
HP,HP ProBook 640 G1,Certified,106,2026,,,FALSE,FALSE,
HP,HP ProBook 645 G1,Certified,103,2025,,,FALSE,FALSE,
HP,HP ProBook 645 G4,Certified,128,2027,,,FALSE,FALSE,
HP,HP ProBook 6460b,Decertified,103,2024,,,FALSE,FALSE,
HP,HP ProBook 6465b,Decertified,103,2024,,,FALSE,FALSE,
HP,HP ProBook 6470b,Certified,103,2025,,,FALSE,FALSE,
HP,HP ProBook 650 G1,Certified,103,2026,,,FALSE,FALSE,
HP,HP ProBook 650 G2,Certified,103,2027,,,FALSE,FALSE,
HP,HP ProBook 650 G8,Certified,129,2030,,,FALSE,FALSE,
HP,HP ProBook 655,Certified,103,2025,,,FALSE,FALSE,
HP,HP ProBook 6560b,Decertified,103,2024,,,FALSE,FALSE,
HP,HP ProBook 6570b,Certified,103,2025,,,FALSE,FALSE,
HP,HP ProBook x360 11 G1 EE,Certified,103,2028,,,FALSE,FALSE,
HP,HP ProBook x360 11 G2 EE,Certified,103,2028,,,FALSE,FALSE,
HP,HP ProBook x360 11 G3 EE,Certified,103,2028,,,FALSE,FALSE,
HP,HP ProBook x360 11 G4 EE,Certified,103,2028,,,FALSE,FALSE,
HP,HP ProBook x360 11 G5 EE,Certified,103,2028,,,FALSE,FALSE,
HP,HP ProBook x360 11 G7 EE,Certified,112,2029,,,FALSE,FALSE,
HP,HP ProDesk 400 G1,Certified,103,2026,Hewlett-Packard,HP ProDesk 400 G1*,FALSE,FALSE,This model has sub-models (form factors). Google hasn’t specified the exact model name/form factor.
HP,HP ProDesk 400 G2.5,Certified,103,2026,HP,HP ProDesk 400 G2.5*,FALSE,FALSE,This model has sub-models (form factors). Google hasn’t specified the exact model name/form factor.
HP,HP ProDesk 400 G3,Certified,132,2028,HP,HP ProDesk 400 G3*,FALSE,FALSE,This model has sub-models (form factors). Google hasn’t specified the exact model name/form factor.
HP,HP ProDesk 400 G5,Certified,114,2028,HP,HP ProDesk 400 G5*,FALSE,FALSE,This model has sub-models (form factors). Google hasn’t specified the exact model name/form factor.
HP,HP ProDesk 400 G6,Certified,116,2028,,,FALSE,FALSE,
HP,HP ProDesk 405 G4,Certified,131,2029,,,FALSE,FALSE,
HP,HP ProDesk 600 G1,Certified,103,2026,Hewlett-Packard,HP ProDesk 600 G1*,FALSE,FALSE,This model has sub-models (form factors). Google hasn’t specified the exact model name/form factor.
HP,HP ProDesk 600 G2,Certified,103,2027,,,FALSE,FALSE,
HP,HP ProDesk 600 G3,Certified,115,2027,,,FALSE,FALSE,
HP,HP ProDesk 600 G4,Certified,103,2028,,,FALSE,FALSE,
HP,HP ProOne 400 G1 AIO,Certified,103,2026,,,FALSE,FALSE,
HP,HP ProOne 400 G2 AIO,Certified,103,2027,HP,HP ProOne 400 G2 20-in Non-Touch AiO,TRUE,TRUE,
HP,HP ProOne 400 G3 AIO,Certified,103,2027,HP,HP ProOne 400 G3 20.0-in Non-Touch AiO,TRUE,TRUE,
HP,HP ProOne 400 G4 AIO,Certified,103,2028,,,FALSE,FALSE,
HP,HP ProOne 400 G5 AIO,Certified,103,2028,,,FALSE,FALSE,
HP,HP ProOne 400 G6 AIO,Certified,103,2028,,,FALSE,FALSE,
HP,HP ProOne 600 G1 AIO,Certified,103,2026,,,FALSE,FALSE,
HP,HP ProOne 600 G2 AIO,Certified,103,2027,,,FALSE,FALSE,
HP,HP ProOne 600 G6 AIO,Certified,103,2028,,,FALSE,FALSE,
HP,HP RP9 G1,Certified,126,2027,,,FALSE,FALSE,
HP,HP Spectre x360 13 (2017),Certified,103,2028,,,FALSE,FALSE,
HP,HP Spectre x360 13 (2018),Certified,103,2028,,,FALSE,FALSE,
HP,HP Stream 11 Pro G1,Certified,103,2026,,,FALSE,FALSE,
HP,HP Stream 11 Pro G2,Certified,103,2027,,,FALSE,FALSE,
HP,HP Stream 11 Pro G3,Certified,103,2027,,,FALSE,FALSE,
HP,HP Stream 11 Pro G4 EE,Certified,103,2028,,,FALSE,FALSE,
HP,HP Stream 11 Pro G5,Certified,103,2028,,,FALSE,FALSE,
HP,HP Stream 13,Certified,103,2026,,,FALSE,FALSE,
HP,HP Stream 14-ax010nr,Certified,103,2027,,,FALSE,FALSE,
HP,HP Stream x360 Convertible PC 11,Certified,103,2026,,,FALSE,FALSE,
HP,HP t430 Thin Client,Certified,103,2028,,,FALSE,FALSE,
HP,HP t520 Thin Client,Certified,103,2027,,,FALSE,FALSE,
HP,HP t530 Thin Client,Certified,103,2028,,,FALSE,FALSE,
HP,HP t540 Thin Client,Certified,122,2030,,,FALSE,FALSE,
HP,HP t610 Thin Client,Decertified,103,2024,,,FALSE,FALSE,
HP,HP t620 Thin Client,Certified,103,2027,,,FALSE,FALSE,
HP,HP t630 Thin Client,Certified,103,2028,,,FALSE,FALSE,
HP,HP t638 Thin Client,Certified,108,2028,,,FALSE,FALSE,
HP,HP t640 Thin Client,Certified,103,2030,,,FALSE,FALSE,
HP,HP t730 Thin Client,Certified,103,2027,,,FALSE,FALSE,
HP,HP t740 Thin Client,Certified,103,2030,,,FALSE,FALSE,
HP,HP x360 310 G2,Certified,103,2027,,,FALSE,FALSE,
HP,HP Z2 Tower G4 Workstation,Certified,115,2028,,,FALSE,FALSE,
HP,HP Z230,Certified,103,2026,Hewlett-Packard,HP Z230 SFF Workstation,TRUE,TRUE,
HP,HP ZBook Firefly 14 G7,Certified,119,2028,,,FALSE,FALSE,
HP,HP ZBook Firefly 14 G8,Certified,119,2030,,,FALSE,FALSE,
Hyundai,Hyundai S084,Certified,123,2030,,,FALSE,FALSE,
IBASE,IBASE SE-102-N,Certified,113,2028,,,FALSE,FALSE,
IBASE,IBASE SI-324-N,Certified,129,2029,,,FALSE,FALSE,
IBASE,IBASE SI-626,Certified,113,2026,,,FALSE,FALSE,
Imago,Imago AIOS Lite,Certified,132,2029,,,FALSE,FALSE,
Imago,Imago IMC-OPS-VI-11G-I5,Certified,115,2030,,,FALSE,FALSE,
INP,INP i1000BT Thin Client,Certified,107,2028,,,FALSE,FALSE,
INP,INP i1000M,Certified,116,2029,,,FALSE,FALSE,
Intel,Intel Compute Stick STK1AW32SC,Certified,103,2027,,,FALSE,FALSE,
Intel,Intel Compute Stick STK2m364CC,Certified,103,2027,,,FALSE,FALSE,
Intel,Intel NUC 12CP,Certified,128,2030,,,FALSE,FALSE,
Intel,Intel NUC 8 Rugged NUC8CCHK,Certified,103,2028,,,FALSE,FALSE,
Intel,Intel NUC D34010WYK,Certified,103,2026,,,FALSE,FALSE,
Intel,Intel NUC DC3217IYE,Certified,103,2025,,,FALSE,FALSE,
Intel,Intel NUC NUC10i7FNH,Certified,103,2028,,,FALSE,FALSE,
Intel,Intel NUC NUC5CPYH,Certified,103,2027,,,FALSE,FALSE,
Intel,Intel NUC NUC5i3RYH,Certified,103,2027,,,FALSE,FALSE,
Intel,Intel NUC NUC6i3SYH,Certified,103,2027,,,FALSE,FALSE,
Intel,Intel NUC NUC7i3BNH,Certified,103,2028,,,FALSE,FALSE,
Intel,Intel NUC NUC8i5BEH,Certified,103,2028,,,FALSE,FALSE,
Intel,Intel NUC NUC8i7BEH,Certified,103,2028,,,FALSE,FALSE,
Intel,Intel NUC11TNKv5,Certified,116,2030,,,FALSE,FALSE,
Intel,Intel NUC12WSHi3,Certified,117,2030,,,FALSE,FALSE,
Justice,Justice Tech Securebook 5.0,Certified,107,2028,,,FALSE,FALSE,
Justice,Justice Tech Securebook 6.0,Certified,110,2029,,,FALSE,FALSE,
Lenovo,Lenovo 100e 2nd Gen (Intel),Certified,103,2028,LENOVO,81M8*,FALSE,FALSE,Based on Lenovo provided MTM codes list.
Lenovo,Lenovo 14w Gen 1,Certified,103,2029,,,FALSE,FALSE,
Lenovo,Lenovo 300e 1st Gen,Certified,103,2028,,,FALSE,FALSE,
Lenovo,Lenovo 300e 2nd Gen (Intel),Certified,103,2028,LENOVO,81M9*,FALSE,FALSE,
Lenovo,Lenovo B590,Certified,103,2025,,,FALSE,FALSE,
Lenovo,Lenovo E40-80,Certified,107,2027,,,FALSE,FALSE,
Lenovo,Lenovo Ideapad D330-10IGL,Certified,112,2028,,,FALSE,FALSE,
Lenovo,Lenovo IdeaPad S145,Certified,103,2028,,,FALSE,FALSE,
Lenovo,Lenovo K14 Gen 1,Certified,123,2030,,,FALSE,FALSE,
Lenovo,Lenovo Miix 520,Certified,130,2028,,,FALSE,FALSE,
Lenovo,Lenovo N22,Certified,103,2027,,,FALSE,FALSE,
Lenovo,Lenovo N23 (Windows),Certified,103,2027,,,FALSE,FALSE,
Lenovo,Lenovo N24,Certified,103,2028,,,FALSE,FALSE,
Lenovo,Lenovo T490s,Certified,118,2028,LENOVO,"20NX*,20NY*",FALSE,FALSE,Based on Lenovo provided MTM codes list.
Lenovo,Lenovo ThinkBook 14 G2,Certified,110,2030,LENOVO,"20VF*,20VD*",FALSE,FALSE,Based on Lenovo provided MTM codes list.
Lenovo,Lenovo ThinkCenter M90q G1,Certified,134,2028,LENOVO,"11CR*,11DG*,11DH*,11DJ*",FALSE,FALSE,Based on Lenovo provided MTM codes list.
Lenovo,Lenovo ThinkCentre E73,Certified,103,2026,LENOVO,"10AS*,10AU*,10AV*,10AW*,10BF*,10BG*,10C0*,10C1*,10DR*,10DS*,10DU*",FALSE,FALSE,Based on Lenovo provided MTM codes list.
Lenovo,Lenovo ThinkCentre M53,Certified,103,2026,LENOVO,"10DB*,10DC*,10DD*,10DE*,10DV*,10DW*,10DX*,10DY*,10EC*,10ED*,10DR*,10ES*",FALSE,FALSE,Based on Lenovo provided MTM codes list.
Lenovo,Lenovo ThinkCentre M600,Certified,103,2027,LENOVO,"10G8*,10G9*,10GA*,10GB*,10GC*,10GD*,10GE*,10GF*,10GJ*,10GK*,10KG*,10KH*,10KJ*,10KK*",FALSE,FALSE,Based on Lenovo provided MTM codes list.
Lenovo,Lenovo ThinkCentre M625q,Certified,103,2028,,,FALSE,FALSE,
Lenovo,Lenovo ThinkCentre M700,Certified,103,2027,LENOVO,"10GQ*,10GR*,10GS*,10GT*,10KL*,10KM*,10KN*,10KQ*",FALSE,FALSE,Based on Lenovo provided MTM codes list.
Lenovo,Lenovo ThinkCentre M70q,Certified,103,2028,LENOVO,"11DT*,11DU*,11DV*,11DW*",FALSE,FALSE,Based on Lenovo provided MTM codes list.
Lenovo,Lenovo ThinkCentre M70q Gen 2,Certified,105,2030,LENOVO,"11MY*,11N0*,11N3*,11N4*",FALSE,FALSE,Based on Lenovo provided MTM codes list.
Lenovo,Lenovo ThinkCentre M70q Gen 3,Certified,105,2030,LENOVO,"11T3*, 11T4*, 11TY*,11U0*, 11UB*, 11UC*,11UD*, 11UE*, 11US*,11UU*, 11X2*, 11X6*,11X9*, 11XB*, 11Y5*,11Y6*",FALSE,FALSE,Based on Lenovo provided MTM codes list.
Lenovo,Lenovo ThinkCentre M70q Gen 4,Certified,120,2030,LENOVO,"12E3*,12E4*,12E5*,12E6*",FALSE,FALSE,Based on Lenovo provided MTM codes list.
Lenovo,Lenovo ThinkCentre M70q Gen 5,Certified,130,2030,LENOVO,"12TD*,12TE*,12TF*,12TG*",FALSE,FALSE,Based on Lenovo provided MTM codes list.
Lenovo,Lenovo ThinkCentre M710q,Certified,103,2027,LENOVO,"10MQ*,10MR*,10MS*,10MT*,10N3*,10QR*,10YC*",FALSE,FALSE,Based on Lenovo provided MTM codes list.
Lenovo,Lenovo ThinkCentre M710s,Certified,131,2027,LENOVO,"10M7*,10M8*,10NC*,10QT*,10R7*",FALSE,FALSE,Based on Lenovo provided MTM codes list.
Lenovo,Lenovo ThinkCentre M715q Gen 2,Certified,127,2029,,,FALSE,FALSE,
Lenovo,Lenovo ThinkCentre M71e,Decertified,103,2024,,,FALSE,FALSE,
Lenovo,Lenovo ThinkCentre M720q,Certified,103,2028,LENOVO,"10T7*,10T8*,10T9*,10TA*,10TC*,10UA*,10U9*",FALSE,FALSE,Based on Lenovo provided MTM codes list.
Lenovo,Lenovo ThinkCentre M72e,Certified,103,2025,LENOVO,"Starts with 2116*,0896*,3498*,3655*,3662*,3665*,3675*,0958*,1112*,3593*,3595*,3597*,3617*,3634*",FALSE,FALSE,Based on Lenovo provided MTM codes list.
Lenovo,Lenovo ThinkCentre M72z AIO,Certified,103,2025,LENOVO,"Starts with 3528*,3533*,3548*,3556*,3553*,3554*,3558*,3559*,3512*,3535*,3536*,3537*,3538*,3539*,3543*,3549*",FALSE,FALSE,Based on Lenovo provided MTM codes list.
Lenovo,Lenovo ThinkCentre M73,Certified,103,2026,LENOVO,"10B0*,10B1*,10B2*,10B3*,10B4*,10B5*,10B6*,10B7*,10DK*,10DL*,10DN*,10HJ*,10HK*,10HL*,10HM*",FALSE,FALSE,Based on Lenovo provided MTM codes list.
Lenovo,Lenovo ThinkCentre M73z,Certified,103,2026,LENOVO,"10BB*,10BC*",FALSE,FALSE,Based on Lenovo provided MTM codes list.
Lenovo,Lenovo ThinkCentre M75n,Certified,103,2030,,,FALSE,FALSE,
Lenovo,Lenovo ThinkCentre M75q Gen 2,Certified,122,2030,LENOVO,"11JJ*,11JK*,11JL*,11JM*",FALSE,FALSE,Based on Lenovo provided MTM codes list.
Lenovo,Lenovo ThinkCentre M78,Certified,103,2025,LENOVO,"10BN*,10BQ*,10BR*,10BS*,10BT*,10BU*",FALSE,FALSE,Based on Lenovo provided MTM codes list.
Lenovo,Lenovo ThinkCentre M800,Certified,103,2027,LENOVO,"10FV*,10FW*,10FX*,10FY*",FALSE,FALSE,Based on Lenovo provided MTM codes list.
Lenovo,Lenovo Thinkcentre M800Z,Certified,103,2027,LENOVO,"10ET*,10EU*,10EV*,10EW*",FALSE,FALSE,Based on Lenovo provided MTM codes list.
Lenovo,Lenovo ThinkCentre M80q Gen 2,Certified,115,2028,,,FALSE,FALSE,
Lenovo,Lenovo ThinkCentre M80q Gen 3,Certified,116,2030,LENOVO,"11U1*,11U2*,11U3*,11U4*,11XH*,11XJ*,11XK*,11XL*",FALSE,FALSE,Based on Lenovo provided MTM codes list.
Lenovo,Lenovo ThinkCentre M81,Decertified,103,2024,,,FALSE,FALSE,
Lenovo,Lenovo ThinkCentre M810z,Certified,103,2027,LENOVO,"10NX*,10NY*,10Q0*,10Q1*,10Q2*",FALSE,FALSE,Based on Lenovo provided MTM codes list.
Lenovo,Lenovo ThinkCentre M82,Certified,103,2025,LENOVO,"Starts with 2697*,2929*,3302*,3392*,3391*,2698*,2750*,2742*",FALSE,FALSE,Based on Lenovo provided MTM codes list.
Lenovo,Lenovo ThinkCentre M83,Certified,103,2026,LENOVO,"10AG*,10AH*,10AJ*,10AK*,10AL*,10AM*,10AN*,10BE*,10E8*,10E9*,10EA*,10EB*",FALSE,FALSE,Based on Lenovo provided MTM codes list.
Lenovo,Lenovo ThinkCentre M900,Certified,103,2027,LENOVO,"10FC*,10FD*,10FG*,10FH*,10FL*,10FM*,10FR*,10FS*,10ND*,10NE*,10NF*,10NG*",FALSE,FALSE,Based on Lenovo provided MTM codes list.
Lenovo,Lenovo ThinkCentre M90n IoT,Certified,103,2028,,,FALSE,FALSE,
Lenovo,Lenovo ThinkCentre M90n Nano,Certified,113,2028,,,FALSE,FALSE,
Lenovo,Lenovo Thinkcentre M910q,Certified,110,2027,LENOVO,"10MU*,10MV*,10MW*,10MX*,10QN*",FALSE,FALSE,Based on Lenovo provided MTM codes list.
Lenovo,Lenovo ThinkCentre M91p,Decertified,103,2024,,,FALSE,FALSE,
Lenovo,Lenovo ThinkCentre M920q,Certified,103,2028,LENOVO,"10RR*,10RS*,10RT*,10RU*,10SY*,10UH*,10T1*,10T2*,10V8*",FALSE,FALSE,Based on Lenovo provided MTM codes list.
Lenovo,Lenovo ThinkCentre M92p,Certified,103,2025,,,FALSE,FALSE,
Lenovo,Lenovo ThinkCentre M93p,Certified,103,2026,LENOVO,"10A6*,10A7*,10A8*,10A9*,10AA*,10AB*,10DH*,10DJ*",FALSE,FALSE,Based on Lenovo provided MTM codes list.
Lenovo,Lenovo ThinkCentre Neo 50a Gen 5,Certified,132,2032,LENOVO,"12SA*,12SB*",FALSE,FALSE,Based on Lenovo provided MTM codes list.
Lenovo,Lenovo ThinkPad 11e G1,Certified,103,2026,,,FALSE,FALSE,
Lenovo,Lenovo ThinkPad 11e G2,Certified,103,2027,,,FALSE,FALSE,
Lenovo,Lenovo ThinkPad 11e G3,Certified,103,2027,,,FALSE,FALSE,
Lenovo,Lenovo ThinkPad 11e G4,Certified,103,2028,LENOVO,"20HT*,20HV*,20HX*,20J0*",FALSE,FALSE,Based on Lenovo provided MTM codes list.
Lenovo,Lenovo ThinkPad 11e G5,Certified,103,2028,LENOVO,"20LR*,20LQ*",FALSE,FALSE,Based on Lenovo provided MTM codes list.
Lenovo,Lenovo ThinkPad E14 Gen 1,Certified,103,2028,LENOVO,"20RA*,20RB*",FALSE,FALSE,Based on Lenovo provided MTM codes list.
Lenovo,Lenovo ThinkPad E14 Gen 2,Certified,103,2030,LENOVO,"20TA*,20TB*,20TC*",FALSE,FALSE,Based on Lenovo provided MTM codes list.
Lenovo,Lenovo ThinkPad E14 Gen 4,Certified,122,2030,LENOVO,"21E3*,21E4*",FALSE,FALSE,Based on Lenovo provided MTM codes list.
Lenovo,Lenovo ThinkPad E14 Gen 5 (AMD),Certified,132,2032,LENOVO,"21JR*,21JS*",FALSE,FALSE,Based on Lenovo provided MTM codes list.
Lenovo,Lenovo ThinkPad E15,Certified,103,2028,LENOVO,"20RD*,20RE*",FALSE,FALSE,Based on Lenovo provided MTM codes list.
Lenovo,Lenovo ThinkPad E440,Certified,103,2027,LENOVO,20C5*,FALSE,FALSE,Based on Lenovo provided MTM codes list.
Lenovo,Lenovo ThinkPad E450,Certified,103,2027,LENOVO,"20DC*,20DD*",FALSE,FALSE,Based on Lenovo provided MTM codes list.
Lenovo,Lenovo ThinkPad E480,Certified,103,2028,LENOVO,"20KN*,20KQ*",FALSE,FALSE,Based on Lenovo provided MTM codes list.
Lenovo,Lenovo ThinkPad E495,Certified,119,2030,LENOVO,20NE*,FALSE,FALSE,Based on Lenovo provided MTM codes list.
Lenovo,Lenovo ThinkPad E531,Certified,103,2025,LENOVO,"6885*,6887*",FALSE,FALSE,Based on Lenovo provided MTM codes list.
Lenovo,Lenovo ThinkPad E550,Certified,103,2027,LENOVO,"20DF*,20DG*",FALSE,FALSE,Based on Lenovo provided MTM codes list.
Lenovo,Lenovo ThinkPad E560,Certified,103,2027,LENOVO,"20EV*,20EW*",FALSE,FALSE,Based on Lenovo provided MTM codes list.
Lenovo,Lenovo ThinkPad Edge E430,Certified,103,2025,,,FALSE,FALSE,
Lenovo,Lenovo ThinkPad Edge E530,Certified,103,2025,,,FALSE,FALSE,
Lenovo,Lenovo ThinkPad L13 Gen 2,Certified,126,2030,LENOVO,"20VH*,20VJ*,20VM*",FALSE,FALSE,Based on Lenovo provided MTM codes list.
Lenovo,Lenovo ThinkPad L14 Gen 1,Certified,121,2028,LENOVO,"20U1*,20U2*",FALSE,FALSE,Based on Lenovo provided MTM codes list.
Lenovo,Lenovo ThinkPad L15 Gen 3 (AMD),Certified,127,2031,LENOVO,"21C7*,21C8*",FALSE,FALSE,Based on Lenovo provided MTM codes list.
Lenovo,Lenovo ThinkPad L15 Gen 4 (AMD),Certified,126,2031,LENOVO,"21H7*,21H8*",FALSE,FALSE,Based on Lenovo provided MTM codes list.
Lenovo,Lenovo ThinkPad L380,Certified,118,2028,LENOVO,"20M5*,20M6*",FALSE,FALSE,Based on Lenovo provided MTM codes list.
Lenovo,Lenovo ThinkPad L390,Certified,131,2028,LENOVO,"20NR*,20NS*,20NV*",FALSE,FALSE,Based on Lenovo provided MTM codes list.
Lenovo,Lenovo ThinkPad L420,Decertified,103,2024,,,FALSE,FALSE,
Lenovo,Lenovo ThinkPad L430,Certified,104,2025,LENOVO,"2464*,2465*,2466*,2468*,2469*",FALSE,FALSE,Based on Lenovo provided MTM codes list.
Lenovo,Lenovo ThinkPad L440,Certified,104,2026,LENOVO,"20AS*,20AT*",FALSE,FALSE,Based on Lenovo provided MTM codes list.
Lenovo,Lenovo ThinkPad L460,Certified,103,2027,LENOVO,"20FU*,20FV*",FALSE,FALSE,Based on Lenovo provided MTM codes list.
Lenovo,Lenovo ThinkPad L470,Certified,127,2028,LENOVO,"20J4*,20J5*,20JU*,20JV*",FALSE,FALSE,Based on Lenovo provided MTM codes list.
Lenovo,Lenovo ThinkPad L480,Certified,103,2028,LENOVO,"20LS*,20LT*",FALSE,FALSE,Based on Lenovo provided MTM codes list.
Lenovo,Lenovo ThinkPad L490,Certified,121,2028,LENOVO,"20Q5*,20Q6*",FALSE,FALSE,Based on Lenovo provided MTM codes list.
Lenovo,Lenovo ThinkPad L570,Certified,122,2027,LENOVO,"20J8*,20J9*,20JQ*,20JR*",FALSE,FALSE,Based on Lenovo provided MTM codes list.
Lenovo,Lenovo ThinkPad L580,Certified,126,2028,LENOVO,"20LW*,20LX*",FALSE,FALSE,Based on Lenovo provided MTM codes list.
Lenovo,Lenovo ThinkPad L590,Certified,126,2028,LENOVO,"20Q7*,20Q8*",FALSE,FALSE,Based on Lenovo provided MTM codes list.
Lenovo,Lenovo ThinkPad T14 G4,Certified,128,2032,LENOVO,"21HD*,21HE*",FALSE,FALSE,Based on Lenovo provided MTM codes list.
Lenovo,Lenovo ThinkPad T14 Gen 1 (Intel),Certified,103,2028,LENOVO,"20S0*,20S1*,20S2*,20S3*",FALSE,FALSE,Based on Lenovo provided MTM codes list.
Lenovo,Lenovo ThinkPad T14 Gen 2 (AMD),Certified,125,2030,LENOVO,"20XK*,20XL*",FALSE,FALSE,Based on Lenovo provided MTM codes list.
Lenovo,Lenovo ThinkPad T14 Gen 2 (Intel),Certified,125,2030,LENOVO,"20W0*,20W1*",FALSE,FALSE,Based on Lenovo provided MTM codes list.
Lenovo,Lenovo ThinkPad T14s Gen 1 (AMD),Certified,103,2030,LENOVO,"20UH*,20UJ*",FALSE,FALSE,Based on Lenovo provided MTM codes list.
Lenovo,Lenovo ThinkPad T15 Gen 2,Certified,107,2030,LENOVO,"20W4*,20W5*",FALSE,FALSE,Based on Lenovo provided MTM codes list.
Lenovo,Lenovo ThinkPad T420,Decertified,103,2024,,,FALSE,FALSE,
Lenovo,Lenovo ThinkPad T430,Certified,103,2025,LENOVO,"2347*,2342*,2344*,2345*,2349*,2350*,2351*",FALSE,FALSE,Based on Lenovo provided MTM codes list.
Lenovo,Lenovo ThinkPad T430u,Certified,103,2025,LENOVO,"3351*,6273*,8614*,3352*,3353*",FALSE,FALSE,Based on Lenovo provided MTM codes list.
Lenovo,Lenovo ThinkPad T440p,Certified,103,2026,LENOVO,"20AN*,20AW*",FALSE,FALSE,Based on Lenovo provided MTM codes list.
Lenovo,Lenovo Thinkpad T450,Certified,103,2027,LENOVO,"20BU*,20BV*,20DJ*",FALSE,FALSE,Based on Lenovo provided MTM codes list.
Lenovo,Lenovo ThinkPad T460,Certified,103,2027,LENOVO,"20FM*,20FN*",FALSE,FALSE,Based on Lenovo provided MTM codes list.
Lenovo,Lenovo ThinkPad T470,Certified,123,2028,LENOVO,"20HD*,20HE*,20JM*,20JN*",FALSE,FALSE,Based on Lenovo provided MTM codes list.
Lenovo,Lenovo ThinkPad T470s,Certified,103,2028,LENOVO,"20HF*,20HG*,20JS*,20JT*",FALSE,FALSE,Based on Lenovo provided MTM codes list.
Lenovo,Lenovo ThinkPad T480,Certified,103,2028,LENOVO,"20L5*,20L6*",FALSE,FALSE,Based on Lenovo provided MTM codes list.
Lenovo,Lenovo ThinkPad T490,Certified,103,2028,LENOVO,"20N2*,20N3*,20RX*,20RY*,20Q9*,20QH*",FALSE,FALSE,Based on Lenovo provided MTM codes list.
Lenovo,Lenovo ThinkPad T530,Certified,103,2025,,,FALSE,FALSE,
Lenovo,Lenovo Thinkpad T540p,Certified,103,2026,LENOVO,"20BE*,20BF*",FALSE,FALSE,Based on Lenovo provided MTM codes list.
Lenovo,Lenovo Thinkpad T560,Certified,104,2027,LENOVO,"20FH*,20FJ*",FALSE,FALSE,Based on Lenovo provided MTM codes list.
Lenovo,Lenovo ThinkPad T570,Certified,103,2028,LENOVO,"20H9*,20HA*,20JW*,20JX*",FALSE,FALSE,Based on Lenovo provided MTM codes list.
Lenovo,Lenovo ThinkPad T580,Certified,112,2028,LENOVO,"20L9*,20LA*",FALSE,FALSE,Based on Lenovo provided MTM codes list.
Lenovo,Lenovo ThinkPad T590,Certified,103,2028,LENOVO,"20N4*,20N5*",FALSE,FALSE,Based on Lenovo provided MTM codes list.
Lenovo,Lenovo ThinkPad X1 Carbon 1st Gen,Certified,103,2025,LENOVO,"3443*,3444*,3446*,3448*,3460*,3462*,3463*",FALSE,FALSE,Based on Lenovo provided MTM codes list.
Lenovo,Lenovo ThinkPad X1 Carbon 2nd Gen,Certified,103,2026,LENOVO,"20A7*,20A8*",FALSE,FALSE,Based on Lenovo provided MTM codes list.
Lenovo,Lenovo ThinkPad X1 Carbon 3rd Gen,Certified,103,2027,LENOVO,"20BT*,20BS*",FALSE,FALSE,Based on Lenovo provided MTM codes list.
Lenovo,Lenovo ThinkPad X1 Carbon 4th Gen,Certified,103,2027,LENOVO,"20FC*,20FB*",FALSE,FALSE,Based on Lenovo provided MTM codes list.
Lenovo,Lenovo ThinkPad X1 Carbon 5th Gen,Certified,103,2027,LENOVO,"20HR*,20HQ*,20K3*,20K4*",FALSE,FALSE,Based on Lenovo provided MTM codes list.
Lenovo,Lenovo ThinkPad X1 Carbon 6th Gen,Certified,103,2028,LENOVO,"20KH*,20KG*",FALSE,FALSE,Based on Lenovo provided MTM codes list.
Lenovo,Lenovo ThinkPad X1 Carbon 7th Gen,Certified,103,2028,LENOVO,"20QD*,20QE*,20R1*,20R2*",FALSE,FALSE,Based on Lenovo provided MTM codes list.
Lenovo,Lenovo ThinkPad X1 Carbon 8th Gen,Certified,103,2028,LENOVO,"20U9*,20UA*",FALSE,FALSE,Based on Lenovo provided MTM codes list.
Lenovo,Lenovo ThinkPad X1 Carbon 9th Gen,Certified,103,2030,LENOVO,"20XW*,20XX*",FALSE,FALSE,Based on Lenovo provided MTM codes list.
Lenovo,Lenovo ThinkPad X13 Gen 1 (Intel),Certified,126,2028,LENOVO,"20T2*,20T3*",FALSE,FALSE,Based on Lenovo provided MTM codes list.
Lenovo,Lenovo ThinkPad X140e,Certified,103,2026,,,FALSE,FALSE,
Lenovo,Lenovo ThinkPad X220,Decertified,103,2024,,,FALSE,FALSE,
Lenovo,Lenovo ThinkPad X230,Certified,103,2025,LENOVO,"2324*,2306*,2320*,2322*,2325*,2330*,2333*",FALSE,FALSE,Based on Lenovo provided MTM codes list.
Lenovo,Lenovo ThinkPad X240,Certified,,2026,LENOVO,"20AL*,20AM*",FALSE,FALSE,Based on Lenovo provided MTM codes list.
Lenovo,Lenovo ThinkPad X250,Certified,103,2027,LENOVO,"20CL*,20CM*",FALSE,FALSE,Based on Lenovo provided MTM codes list.
Lenovo,Lenovo ThinkPad X260,Certified,103,2027,LENOVO,"20F5*,20F6*",FALSE,FALSE,Based on Lenovo provided MTM codes list.
Lenovo,Lenovo ThinkPad X270,Certified,103,2027,LENOVO,"20HM*,20HN*,20K5*,20K6*",FALSE,FALSE,Based on Lenovo provided MTM codes list.
Lenovo,Lenovo ThinkPad X280,Certified,103,2028,LENOVO,"20KE*,20KF*",FALSE,FALSE,Based on Lenovo provided MTM codes list.
Lenovo,Lenovo ThinkPad X380 Yoga,Certified,103,2028,LENOVO,"20LH*,20LJ*",FALSE,FALSE,Based on Lenovo provided MTM codes list.
Lenovo,Lenovo ThinkPad X390,Certified,126,2028,LENOVO,"20Q0*,20Q1*,20SC*,20SD*",FALSE,FALSE,Based on Lenovo provided MTM codes list.
Lenovo,Lenovo ThinkPad Yoga 11e G1,Certified,103,2026,LENOVO,"20D9*,20DA*",FALSE,FALSE,Based on Lenovo provided MTM codes list.
Lenovo,Lenovo ThinkPad Yoga 11e G2,Certified,103,2027,,,FALSE,FALSE,
Lenovo,Lenovo ThinkPad Yoga 11e G3,Certified,103,2028,,,FALSE,FALSE,
Lenovo,Lenovo ThinkPad Yoga 11e G4,Certified,103,2028,,,FALSE,FALSE,
Lenovo,Lenovo ThinkPad Yoga 11e G5,Certified,103,2028,LENOVO,"20LN*,20LM*",FALSE,FALSE,Based on Lenovo provided MTM codes list.
Lenovo,Lenovo ThinkPad Yoga 11e G6,Certified,103,2028,,,FALSE,FALSE,
Lenovo,Lenovo ThinkPad Yoga L390,Certified,103,2028,LENOVO,"20NT*,20NU*,20NW*",FALSE,FALSE,Based on Lenovo provided MTM codes list.
Lenovo,Lenovo V14 G2 ITL,Certified,119,2030,LENOVO,82KA*,FALSE,FALSE,Based on Lenovo provided MTM codes list.
Lenovo,Lenovo V15 G3,Certified,127,2030,LENOVO,"82TV*,82TT*,83C4*",FALSE,FALSE,Based on Lenovo provided MTM codes list. Model name slightly differ.
Lenovo,Lenovo V310z AIO,Certified,103,2028,LENOVO,"10QG*,10QH*",FALSE,FALSE,Based on Lenovo provided MTM codes list.
Lenovo,Lenovo V330 AIO,Certified,114,2028,,,FALSE,FALSE,
Lenovo,Lenovo V330-20ICB AIO,Certified,103,2028,,,FALSE,FALSE,
Lenovo,Lenovo V520,Certified,114,2028,,,FALSE,FALSE,
Lenovo,Lenovo V530,Certified,114,2028,,,FALSE,FALSE,
LG,LG 14ZT980 Mobile Thin Client,Certified,103,2028,,,FALSE,FALSE,
LG,LG 24CN650N,Certified,113,2028,,,FALSE,FALSE,
LG,LG 24CN670NK6N,Certified,108,2028,,,FALSE,FALSE,
LG,LG 27KC3PJ,Certified,105,2029,,,FALSE,FALSE,
LG,LG 34CN650N,Certified,113,2028,,,FALSE,FALSE,
LG,LG 55CT5WJ,Certified,106,2029,,,FALSE,FALSE,
LG,LG CL600N-6N,Certified,111,2028,,,FALSE,FALSE,
LG,LG CQ600I-6N Thin Client,Certified,130,2029,,,FALSE,FALSE,
LG,LG CQ601W,Certified,122,2029,,,FALSE,FALSE,
LG,LG Gram 15Z90Q,Certified,133,2030,,,FALSE,FALSE,
LG,LG Gram 15Z995,Certified,103,2028,,,FALSE,FALSE,
LG,LG Gram 15ZT90P,Certified,113,2030,,,FALSE,FALSE,
LG,LG Gram 16UT70Q,Certified,114,2030,,,FALSE,FALSE,
LG,LG OPS-C001,Certified,113,2030,,,FALSE,FALSE,
Mdina,Mdina Media M-2,Certified,129,2030,,,FALSE,FALSE,
meldCX,meldCX mCore+ Edge,Certified,120,2029,,,FALSE,FALSE,
Microsoft,Microsoft Surface Laptop SE,Certified,103,2028,,,FALSE,FALSE,
Microsoft,Microsoft Surface Pro 3,Certified,108,2026,,,FALSE,FALSE,
MicroTouch,MicroTouch M1-xxxIC series,Certified,133,2030,,,FALSE,FALSE,
Minisforum,Minisforum N36 Mini PC,Certified,103,2027,,,FALSE,FALSE,
Minisforum,Minisforum S41,Certified,103,2028,,,FALSE,FALSE,
Naver,Naver Whalebook,Certified,103,2028,,,FALSE,FALSE,
Panasonic,Panasonic Toughbook FZ55,Certified,103,2028,,,FALSE,FALSE,
Panasonic,Panasonic Toughpad FZ-G1,Certified,130,2027,,,FALSE,FALSE,
PAR Wave,PAR Wave,Certified,125,2029,,,FALSE,FALSE,
Posiflex,Posiflex RT-2016-G2,Certified,131,2029,,,FALSE,FALSE,
Positivo,Positivo 17SF,Certified,120,2028,,,FALSE,FALSE,
ProDVX,ProDVX IPPC-10SLB (R24-6702),Certified,134,2030,,,FALSE,FALSE,
Pyramid,Pyramid Flex 21.5,Certified,133,2028,,,FALSE,FALSE,
Samsung,Samsung KM24C-3,Certified,116,2030,,,FALSE,FALSE,
Satsuki,Satsuki JWIPC H085,Certified,123,2029,,,FALSE,FALSE,
Satsuki,Satsuki Mirai Touch MP-OPS-FW,Certified,106,2028,,,FALSE,FALSE,
Satsuki,Satsuki MP-OPS-GX,Certified,118,2030,,,FALSE,FALSE,
Satsuki,Satsuki MP-ULS-PC,Certified,123,2032,,,FALSE,FALSE,
Seneca,Seneca Element MP USFS-05,Certified,108,2029,,,FALSE,FALSE,
Seneca,Seneca Element MP-EL,Certified,114,2030,,,FALSE,FALSE,
Seneca,Seneca HDS USFS-01,Certified,117,2029,,,FALSE,FALSE,
Sharp,Sharp NEC SDM-VI3W-IS,Certified,106,2028,,,FALSE,FALSE,
Shuttle,Shuttle DH610,Certified,120,2030,,,FALSE,FALSE,
Shuttle,Shuttle DH670,Certified,120,2030,,,FALSE,FALSE,
Supermicro,Supermicro SYS-E100-13AD,Certified,130,2030,,,FALSE,FALSE,
Techno Horizon,Techno Horizon ELMO Chrome-OPS S084,Certified,112,2030,,,FALSE,FALSE,
Techno Horizon,Techno Horizon ELMO Chrome-OPS S104C,Certified,124,2030,,,FALSE,FALSE,
Toshiba,Toshiba Portege Z30-C,Certified,103,2027,,,FALSE,FALSE,
Toshiba,Toshiba Satellite C55-B,Certified,103,2026,,,FALSE,FALSE,
Toshiba,Toshiba Satellite Pro A30-D,Certified,103,2028,,,FALSE,FALSE,
Toshiba,Toshiba Satellite Pro A40-D,Certified,103,2028,,,FALSE,FALSE,
Toshiba,Toshiba Satellite Pro R50-B,Certified,103,2026,,,FALSE,FALSE,
Toshiba,Toshiba Satellite Pro R50-C,Certified,103,2027,,,FALSE,FALSE,
Toshiba,Toshiba TCx 900,Certified,121,2030,,,FALSE,FALSE,
Toshiba,Toshiba Tecra A40-C,Certified,103,2027,,,FALSE,FALSE,
Toshiba,Toshiba Tecra A50-C,Certified,134,2027,,,FALSE,FALSE,
Toshiba,Toshiba Tecra C40-C,Certified,103,2027,,,FALSE,FALSE,
VAIO,VAIO VJPJ21,Certified,129,2030,,,FALSE,FALSE,
VAIO,VAIO VJPK21,Certified,129,2030,,,FALSE,FALSE,
Vexia,Vexia S104P,Certified,125,2030,,,FALSE,FALSE,
Zotac,Zotac MA761,Certified,103,2026,,,FALSE,FALSE,
Zotac,Zotac ZBOX AQ01 PLUS,Certified,103,2026,,,FALSE,FALSE,
Zotac,Zotac ZBOX CI320 nano,Certified,103,2026,,,FALSE,FALSE,
Zotac,Zotac ZBOX CI327,Certified,103,2028,,,FALSE,FALSE,
Zotac,Zotac ZBOX CI329 nano,Certified,103,2028,,,FALSE,FALSE,
Zotac,Zotac ZBOX MA760,Certified,103,2027,,,FALSE,FALSE,
Zotac,Zotac ZBOX PI335 Pico,Minor issues expected,,2028,,,FALSE,FALSE,
Zotac,Zotac ZBOX PRO CI342GL,Certified,104,2029,,,FALSE,FALSE,
Zotac,Zotac ZBOX PRO PI336GL Series (SparkLan),Certified,104,2029,,,FALSE,FALSE,
Zotac,Zotac ZBOX PRO PI339 Pico,Certified,129,2030,,,FALSE,FALSE,
Zotac,Zotac ZBOX-CI331-AUS,Certified,114,2029,,,FALSE,FALSE,
Zotac,Zotac ZP-CI332-AUS,Certified,108,2029,,,FALSE,FALSE,
Zotac,Zotac ZP-CI342-AUS,Certified,107,2029,,,FALSE,FALSE,